NUTS1;NUTS2;NUTS3;DISTRICT_CODE;SUB_DISTRICT_CODE;YEAR;REF_YEAR;FEDERAL_STATE;ELECTRICITY;HYBRID
AT1;AT11;AT110;1;0;2004;2023;Burgenland;1,00;
AT1;AT11;AT110;1;0;2005;2023;Burgenland;1,00;
AT1;AT11;AT110;1;0;2006;2023;Burgenland;1,00;11,00
AT1;AT11;AT110;1;0;2007;2023;Burgenland;1,00;37,00
AT1;AT11;AT110;1;0;2008;2023;Burgenland;1,00;82,00
AT1;AT11;AT110;1;0;2009;2023;Burgenland;2,00;112,00
AT1;AT11;AT110;1;0;2010;2023;Burgenland;5,00;138,00
AT1;AT11;AT110;1;0;2011;2023;Burgenland;10,00;153,00
AT1;AT11;AT110;1;0;2012;2023;Burgenland;19,00;195,00
AT1;AT11;AT110;1;0;2013;2023;Burgenland;34,00;259,00
AT1;AT11;AT110;1;0;2014;2023;Burgenland;55,00;326,00
AT1;AT11;AT110;1;0;2015;2023;Burgenland;93,00;396,00
AT1;AT11;AT110;1;0;2016;2023;Burgenland;188,00;500,00
AT1;AT11;AT110;1;0;2017;2023;Burgenland;338,00;732,00
AT1;AT11;AT110;1;0;2018;2023;Burgenland;490,00;959,00
AT1;AT11;AT110;1;0;2019;2023;Burgenland;728,00;1395,00
AT1;AT11;AT110;1;0;2020;2023;Burgenland;1151,00;2327,00
AT1;AT11;AT110;1;0;2021;2023;Burgenland;2172,00;3935,00
AT1;AT11;AT110;1;0;2022;2023;Burgenland;3420,00;5570,00
AT1;AT11;AT110;1;0;2023;2023;Burgenland;4724,00;7408,00
AT2;AT21;AT210;2;0;2004;2023;Kärnten;13,00;
AT2;AT21;AT210;2;0;2005;2023;Kärnten;15,00;
AT2;AT21;AT210;2;0;2006;2023;Kärnten;17,00;23,00
AT2;AT21;AT210;2;0;2007;2023;Kärnten;17,00;61,00
AT2;AT21;AT210;2;0;2008;2023;Kärnten;34,00;116,00
AT2;AT21;AT210;2;0;2009;2023;Kärnten;46,00;158,00
AT2;AT21;AT210;2;0;2010;2023;Kärnten;55,00;216,00
AT2;AT21;AT210;2;0;2011;2023;Kärnten;99,00;261,00
AT2;AT21;AT210;2;0;2012;2023;Kärnten;141,00;358,00
AT2;AT21;AT210;2;0;2013;2023;Kärnten;203,00;478,00
AT2;AT21;AT210;2;0;2014;2023;Kärnten;264,00;611,00
AT2;AT21;AT210;2;0;2015;2023;Kärnten;341,00;755,00
AT2;AT21;AT210;2;0;2016;2023;Kärnten;518,00;963,00
AT2;AT21;AT210;2;0;2017;2023;Kärnten;805,00;1302,00
AT2;AT21;AT210;2;0;2018;2023;Kärnten;1092,00;1708,00
AT2;AT21;AT210;2;0;2019;2023;Kärnten;1492,00;2585,00
AT2;AT21;AT210;2;0;2020;2023;Kärnten;2241,00;4298,00
AT2;AT21;AT210;2;0;2021;2023;Kärnten;3703,00;7579,00
AT2;AT21;AT210;2;0;2022;2023;Kärnten;5388,00;10603,00
AT2;AT21;AT210;2;0;2023;2023;Kärnten;7644,00;14501,00
AT1;AT12;AT120;3;0;2004;2023;Niederösterreich;40,00;
AT1;AT12;AT120;3;0;2005;2023;Niederösterreich;46,00;
AT1;AT12;AT120;3;0;2006;2023;Niederösterreich;49,00;98,00
AT1;AT12;AT120;3;0;2007;2023;Niederösterreich;51,00;263,00
AT1;AT12;AT120;3;0;2008;2023;Niederösterreich;52,00;584,00
AT1;AT12;AT120;3;0;2009;2023;Niederösterreich;65,00;775,00
AT1;AT12;AT120;3;0;2010;2023;Niederösterreich;78,00;1042,00
AT1;AT12;AT120;3;0;2011;2023;Niederösterreich;128,00;1295,00
AT1;AT12;AT120;3;0;2012;2023;Niederösterreich;207,00;1656,00
AT1;AT12;AT120;3;0;2013;2023;Niederösterreich;368,00;2100,00
AT1;AT12;AT120;3;0;2014;2023;Niederösterreich;731,00;2561,00
AT1;AT12;AT120;3;0;2015;2023;Niederösterreich;1157,00;3163,00
AT1;AT12;AT120;3;0;2016;2023;Niederösterreich;2058,00;4032,00
AT1;AT12;AT120;3;0;2017;2023;Niederösterreich;3290,00;5479,00
AT1;AT12;AT120;3;0;2018;2023;Niederösterreich;4750,00;7229,00
AT1;AT12;AT120;3;0;2019;2023;Niederösterreich;6378,00;10292,00
AT1;AT12;AT120;3;0;2020;2023;Niederösterreich;9369,00;16606,00
AT1;AT12;AT120;3;0;2021;2023;Niederösterreich;15377,00;26998,00
AT1;AT12;AT120;3;0;2022;2023;Niederösterreich;21665,00;37056,00
AT1;AT12;AT120;3;0;2023;2023;Niederösterreich;30073,00;48932,00
AT3;AT31;AT30;4;0;2004;2023;Oberösterreich;8,00;
AT3;AT31;AT30;4;0;2005;2023;Oberösterreich;4,00;
AT3;AT31;AT30;4;0;2006;2023;Oberösterreich;6,00;56,00
AT3;AT31;AT30;4;0;2007;2023;Oberösterreich;9,00;158,00
AT3;AT31;AT30;4;0;2008;2023;Oberösterreich;9,00;362,00
AT3;AT31;AT30;4;0;2009;2023;Oberösterreich;11,00;513,00
AT3;AT31;AT30;4;0;2010;2023;Oberösterreich;19,00;708,00
AT3;AT31;AT30;4;0;2011;2023;Oberösterreich;63,00;922,00
AT3;AT31;AT30;4;0;2012;2023;Oberösterreich;126,00;1259,00
AT3;AT31;AT30;4;0;2013;2023;Oberösterreich;254,00;1629,00
AT3;AT31;AT30;4;0;2014;2023;Oberösterreich;471,00;1943,00
AT3;AT31;AT30;4;0;2015;2023;Oberösterreich;799,00;2315,00
AT3;AT31;AT30;4;0;2016;2023;Oberösterreich;1579,00;2967,00
AT3;AT31;AT30;4;0;2017;2023;Oberösterreich;2598,00;3966,00
AT3;AT31;AT30;4;0;2018;2023;Oberösterreich;3733,00;5210,00
AT3;AT31;AT30;4;0;2019;2023;Oberösterreich;5358,00;7523,00
AT3;AT31;AT30;4;0;2020;2023;Oberösterreich;8229,00;12663,00
AT3;AT31;AT30;4;0;2021;2023;Oberösterreich;15141,00;21649,00
AT3;AT31;AT30;4;0;2022;2023;Oberösterreich;21746,00;30551,00
AT3;AT31;AT30;4;0;2023;2023;Oberösterreich;30291,00;40680,00
AT3;AT32;AT320;5;0;2004;2023;Salzburg;9,00;
AT3;AT32;AT320;5;0;2005;2023;Salzburg;7,00;
AT3;AT32;AT320;5;0;2006;2023;Salzburg;3,00;22,00
AT3;AT32;AT320;5;0;2007;2023;Salzburg;3,00;73,00
AT3;AT32;AT320;5;0;2008;2023;Salzburg;2,00;147,00
AT3;AT32;AT320;5;0;2009;2023;Salzburg;4,00;202,00
AT3;AT32;AT320;5;0;2010;2023;Salzburg;44,00;278,00
AT3;AT32;AT320;5;0;2011;2023;Salzburg;142,00;374,00
AT3;AT32;AT320;5;0;2012;2023;Salzburg;191,00;504,00
AT3;AT32;AT320;5;0;2013;2023;Salzburg;266,00;693,00
AT3;AT32;AT320;5;0;2014;2023;Salzburg;393,00;828,00
AT3;AT32;AT320;5;0;2015;2023;Salzburg;526,00;1061,00
AT3;AT32;AT320;5;0;2016;2023;Salzburg;850,00;1396,00
AT3;AT32;AT320;5;0;2017;2023;Salzburg;1267,00;1826,00
AT3;AT32;AT320;5;0;2018;2023;Salzburg;1700,00;2491,00
AT3;AT32;AT320;5;0;2019;2023;Salzburg;2268,00;3461,00
AT3;AT32;AT320;5;0;2020;2023;Salzburg;3600,00;5970,00
AT3;AT32;AT320;5;0;2021;2023;Salzburg;6383,00;9957,00
AT3;AT32;AT320;5;0;2022;2023;Salzburg;8957,00;13892,00
AT3;AT32;AT320;5;0;2023;2023;Salzburg;12220,00;18356,00
AT2;AT22;AT220;6;0;2004;2023;Steiermark;12,00;
AT2;AT22;AT220;6;0;2005;2023;Steiermark;11,00;
AT2;AT22;AT220;6;0;2006;2023;Steiermark;10,00;45,00
AT2;AT22;AT220;6;0;2007;2023;Steiermark;10,00;132,00
AT2;AT22;AT220;6;0;2008;2023;Steiermark;11,00;291,00
AT2;AT22;AT220;6;0;2009;2023;Steiermark;15,00;388,00
AT2;AT22;AT220;6;0;2010;2023;Steiermark;18,00;531,00
AT2;AT22;AT220;6;0;2011;2023;Steiermark;47,00;664,00
AT2;AT22;AT220;6;0;2012;2023;Steiermark;110,00;939,00
AT2;AT22;AT220;6;0;2013;2023;Steiermark;233,00;1168,00
AT2;AT22;AT220;6;0;2014;2023;Steiermark;483,00;1389,00
AT2;AT22;AT220;6;0;2015;2023;Steiermark;731,00;1910,00
AT2;AT22;AT220;6;0;2016;2023;Steiermark;1383,00;2252,00
AT2;AT22;AT220;6;0;2017;2023;Steiermark;2279,00;3058,00
AT2;AT22;AT220;6;0;2018;2023;Steiermark;3188,00;4134,00
AT2;AT22;AT220;6;0;2019;2023;Steiermark;4391,00;5895,00
AT2;AT22;AT220;6;0;2020;2023;Steiermark;6393,00;9897,00
AT2;AT22;AT220;6;0;2021;2023;Steiermark;10487,00;17201,00
AT2;AT22;AT220;6;0;2022;2023;Steiermark;14510,00;24364,00
AT2;AT22;AT220;6;0;2023;2023;Steiermark;19797,00;32996,00
AT3;AT33;AT330;7;0;2004;2023;Tirol;6,00;
AT3;AT33;AT330;7;0;2005;2023;Tirol;5,00;
AT3;AT33;AT330;7;0;2006;2023;Tirol;4,00;36,00
AT3;AT33;AT330;7;0;2007;2023;Tirol;6,00;94,00
AT3;AT33;AT330;7;0;2008;2023;Tirol;6,00;198,00
AT3;AT33;AT330;7;0;2009;2023;Tirol;8,00;253,00
AT3;AT33;AT330;7;0;2010;2023;Tirol;14,00;335,00
AT3;AT33;AT330;7;0;2011;2023;Tirol;36,00;454,00
AT3;AT33;AT330;7;0;2012;2023;Tirol;62,00;640,00
AT3;AT33;AT330;7;0;2013;2023;Tirol;87,00;880,00
AT3;AT33;AT330;7;0;2014;2023;Tirol;193,00;1091,00
AT3;AT33;AT330;7;0;2015;2023;Tirol;321,00;1343,00
AT3;AT33;AT330;7;0;2016;2023;Tirol;734,00;1728,00
AT3;AT33;AT330;7;0;2017;2023;Tirol;1316,00;2513,00
AT3;AT33;AT330;7;0;2018;2023;Tirol;2010,00;3336,00
AT3;AT33;AT330;7;0;2019;2023;Tirol;2877,00;4765,00
AT3;AT33;AT330;7;0;2020;2023;Tirol;4348,00;7736,00
AT3;AT33;AT330;7;0;2021;2023;Tirol;7030,00;13184,00
AT3;AT33;AT330;7;0;2022;2023;Tirol;10204,00;18124,00
AT3;AT33;AT330;7;0;2023;2023;Tirol;14162,00;23877,00
AT3;AT34;AT340;8;0;2004;2023;Vorarlberg;17,00;
AT3;AT34;AT340;8;0;2005;2023;Vorarlberg;16,00;
AT3;AT34;AT340;8;0;2006;2023;Vorarlberg;17,00;28,00
AT3;AT34;AT340;8;0;2007;2023;Vorarlberg;17,00;81,00
AT3;AT34;AT340;8;0;2008;2023;Vorarlberg;16,00;161,00
AT3;AT34;AT340;8;0;2009;2023;Vorarlberg;54,00;217,00
AT3;AT34;AT340;8;0;2010;2023;Vorarlberg;84,00;291,00
AT3;AT34;AT340;8;0;2011;2023;Vorarlberg;354,00;358,00
AT3;AT34;AT340;8;0;2012;2023;Vorarlberg;396,00;449,00
AT3;AT34;AT340;8;0;2013;2023;Vorarlberg;417,00;592,00
AT3;AT34;AT340;8;0;2014;2023;Vorarlberg;459,00;722,00
AT3;AT34;AT340;8;0;2015;2023;Vorarlberg;523,00;872,00
AT3;AT34;AT340;8;0;2016;2023;Vorarlberg;833,00;1127,00
AT3;AT34;AT340;8;0;2017;2023;Vorarlberg;1193,00;1578,00
AT3;AT34;AT340;8;0;2018;2023;Vorarlberg;1616,00;2029,00
AT3;AT34;AT340;8;0;2019;2023;Vorarlberg;2178,00;2787,00
AT3;AT34;AT340;8;0;2020;2023;Vorarlberg;2931,00;4156,00
AT3;AT34;AT340;8;0;2021;2023;Vorarlberg;4655,00;6777,00
AT3;AT34;AT340;8;0;2022;2023;Vorarlberg;6530,00;9167,00
AT3;AT34;AT340;8;0;2023;2023;Vorarlberg;8834,00;11964,00
AT1;AT13;AT130;9;0;2004;2023;Wien;22,00;
AT1;AT13;AT130;9;0;2005;2023;Wien;22,00;
AT1;AT13;AT130;9;0;2006;2023;Wien;20,00;162,00
AT1;AT13;AT130;9;0;2007;2023;Wien;17,00;365,00
AT1;AT13;AT130;9;0;2008;2023;Wien;15,00;651,00
AT1;AT13;AT130;9;0;2009;2023;Wien;18,00;941,00
AT1;AT13;AT130;9;0;2010;2023;Wien;36,00;1253,00
AT1;AT13;AT130;9;0;2011;2023;Wien;110,00;1579,00
AT1;AT13;AT130;9;0;2012;2023;Wien;137,00;2100,00
AT1;AT13;AT130;9;0;2013;2023;Wien;208,00;2705,00
AT1;AT13;AT130;9;0;2014;2023;Wien;337,00;3352,00
AT1;AT13;AT130;9;0;2015;2023;Wien;541,00;4047,00
AT1;AT13;AT130;9;0;2016;2023;Wien;930,00;5068,00
AT1;AT13;AT130;9;0;2017;2023;Wien;1532,00;7040,00
AT1;AT13;AT130;9;0;2018;2023;Wien;2252,00;9453,00
AT1;AT13;AT130;9;0;2019;2023;Wien;3853,00;13114,00
AT1;AT13;AT130;9;0;2020;2023;Wien;6245,00;19708,00
AT1;AT13;AT130;9;0;2021;2023;Wien;11591,00;29694,00
AT1;AT13;AT130;9;0;2022;2023;Wien;17805,00;40359,00
AT1;AT13;AT130;9;0;2023;2023;Wien;27745,00;52268,00
